Source,Emotion,Average
Cancer,positive,0.20280630263173502
Non-Cancer,positive,0.17073913282655082
Cancer,negative,0.11907876166431215
Non-Cancer,negative,0.09612455853686634
Cancer,neutral,0.0
Non-Cancer,neutral,0.0
Cancer,anger,0.03768056253860138
Non-Cancer,anger,0.03427329841617558
Cancer,fear,0.0673828263849888
Non-Cancer,fear,0.04138371188918209
Cancer,disgust,0.03379825453901731
Non-Cancer,disgust,0.023316326193645574
Cancer,sadness,0.05822617376903769
Non-Cancer,sadness,0.03446298170291562
Cancer,joy,0.04439874509383625
Non-Cancer,joy,0.04496347370787804
Cancer,surprise,0.0289330448452225
Non-Cancer,surprise,0.024674981235996603
Cancer,trust,0.11907860850779198
Non-Cancer,trust,0.08291741114501718
